index	file	url
1	seafood-001.jpg	https://cdn.pixabay.com/photo/2010/12/13/10/25/canape-2802_1280.jpg
2	seafood-002.png	https://cdn.pixabay.com/photo/2012/04/26/19/07/crab-42880_1280.png
3	seafood-003.png	https://cdn.pixabay.com/photo/2012/04/26/19/07/crab-42880_640.png
4	seafood-004.jpg	https://cdn.pixabay.com/photo/2013/02/15/16/29/paella-81964_1280.jpg
5	seafood-005.png	https://cdn.pixabay.com/photo/2013/07/12/19/20/sushi-154590_1280.png
6	seafood-006.jpg	https://cdn.pixabay.com/photo/2014/02/08/13/35/shrimp-261804_1280.jpg
7	seafood-007.png	https://cdn.pixabay.com/photo/2014/04/25/19/52/crab-332103_1280.png
8	seafood-008.jpg	https://cdn.pixabay.com/photo/2014/08/15/21/54/mussels-419052_1280.jpg
9	seafood-009.jpg	https://cdn.pixabay.com/photo/2014/08/21/10/56/crayfish-423251_1280.jpg
10	seafood-010.jpg	https://cdn.pixabay.com/photo/2014/08/26/15/22/fish-market-428058_1280.jpg
11	seafood-011.jpg	https://cdn.pixabay.com/photo/2014/11/05/15/57/new-years-eve-518032_1280.jpg
12	seafood-012.jpg	https://cdn.pixabay.com/photo/2014/11/05/15/57/new-years-eve-518032_640.jpg
13	seafood-013.jpg	https://cdn.pixabay.com/photo/2014/11/09/13/21/mussels-523622_1280.jpg
14	seafood-014.jpg	https://cdn.pixabay.com/photo/2015/03/12/22/58/seafood-670948_1280.jpg
15	seafood-015.jpg	https://cdn.pixabay.com/photo/2015/03/28/19/52/clams-696406_1280.jpg
16	seafood-016.jpg	https://cdn.pixabay.com/photo/2015/04/08/13/13/food-712665_1280.jpg
17	seafood-017.jpg	https://cdn.pixabay.com/photo/2015/04/08/13/13/food-712665_640.jpg
18	seafood-018.jpg	https://cdn.pixabay.com/photo/2015/04/17/04/42/korean-726741_1280.jpg
19	seafood-019.jpg	https://cdn.pixabay.com/photo/2015/05/12/09/31/seafood-763757_1280.jpg
20	seafood-020.jpg	https://cdn.pixabay.com/photo/2015/06/15/03/45/seafood-809862_1280.jpg
21	seafood-021.jpg	https://cdn.pixabay.com/photo/2015/06/15/03/46/seafood-809864_1280.jpg
22	seafood-022.jpg	https://cdn.pixabay.com/photo/2015/10/15/10/22/oyster-989182_1280.jpg
23	seafood-023.jpg	https://cdn.pixabay.com/photo/2016/03/02/13/50/seafood-platter-1232389_1280.jpg
24	seafood-024.jpg	https://cdn.pixabay.com/photo/2016/03/14/07/05/menu-5-wh-cs-division-1255020_1280.jpg
25	seafood-025.jpg	https://cdn.pixabay.com/photo/2016/06/01/10/21/food-1428735_1280.jpg
26	seafood-026.jpg	https://cdn.pixabay.com/photo/2016/07/07/16/53/shrimp-1502724_1280.jpg
27	seafood-027.jpg	https://cdn.pixabay.com/photo/2016/08/24/00/28/lobster-1615906_1280.jpg
28	seafood-028.jpg	https://cdn.pixabay.com/photo/2016/09/27/10/37/prawn-1697991_1280.jpg
29	seafood-029.jpg	https://cdn.pixabay.com/photo/2016/10/31/19/44/crab-1786561_1280.jpg
30	seafood-030.jpg	https://cdn.pixabay.com/photo/2016/11/10/09/26/abalone-1813813_1280.jpg
31	seafood-031.jpg	https://cdn.pixabay.com/photo/2017/02/14/17/23/united-kingdom-2066475_1280.jpg
32	seafood-032.jpg	https://cdn.pixabay.com/photo/2017/02/22/23/20/asian-food-2090939_1280.jpg
33	seafood-033.jpg	https://cdn.pixabay.com/photo/2017/02/22/23/20/asian-food-2090941_1280.jpg
34	seafood-034.jpg	https://cdn.pixabay.com/photo/2017/03/02/19/13/cockles-2112155_1280.jpg
35	seafood-035.png	https://cdn.pixabay.com/photo/2017/03/31/03/37/food-2190301_1280.png
36	seafood-036.jpg	https://cdn.pixabay.com/photo/2017/04/29/09/38/sea-2270340_1280.jpg
37	seafood-037.jpg	https://cdn.pixabay.com/photo/2017/05/09/16/34/crayfish-2298734_1280.jpg
38	seafood-038.jpg	https://cdn.pixabay.com/photo/2017/07/12/06/01/seafood-feast-2495972_1280.jpg
39	seafood-039.jpg	https://cdn.pixabay.com/photo/2017/07/22/22/56/oyster-2530167_1280.jpg
40	seafood-040.jpg	https://cdn.pixabay.com/photo/2017/08/06/01/45/seafood-2587572_1280.jpg
